{"DZA": 0.9349930077181452, "AGO": 0.28216955358595064, "EGY": 0.8998947833596783, "BGD": 0.5791779389177636, "NER": 0.5613519384538198, "LIE": 0.4374033048551479, "NAM": 0.6438174318427268, "BGR": 0.8564285327211921, "BOL": 0.9689482156116062, "GHA": 0.8495298118469565, "CCK": 0.18157490775724316, "PAK": 0.6712995612523618, "CPV": 0.6763588502212763, "JOR": 0.03785954605310615, "LBR": 0.29305524408951356, "LBY": 0.24858624149422404, "MYS": 0.5580751451047627, "IOT": 0.8495899124084666, "PRI": 0.639437809719897, "MYT": 0.9511900818849448, "PRK": 0.19219736696900513, "PSE": 0.167781777323727, "TZA": 0.684816034240726, "BWA": 0.008363288440005223, "KHM": 0.039517959050215934, "UMI": 0.8338722984827908, "TTO": 0.31402298857130684, "PRY": 0.7023880225738399, "HKG": 0.4116216726491475, "SAU": 0.22534129237202694, "LBN": 0.9613105736487251, "SVN": 0.953553949369609, "BFA": 0.5402805216424639, "SVK": 0.2498109956593576, "MRT": 0.6994108144885006, "HRV": 0.1537274891033069, "CHL": 0.7625519277287911, "CHN": 0.06572540653254899, "KNA": 0.7318250239076188, "JAM": 0.000986948427889156, "SMR": 0.5478118524573219, "GIB": 0.045396441420598954, "DJI": 0.9427563581736988, "GIN": 0.21751753507494032, "FIN": 0.17934736710764554, "URY": 0.027135699151187076, "VAT": 0.823917178463334, "STP": 0.4487175540388836, "SYC": 0.658385807124498, "NPL": 0.7833792676510146, "CXR": 0.4883681499952852, "LAO": 0.7779145968105491, "YEM": 0.9683152687522757, "BVT": 0.47485055489669004, "ZAF": 0.4162050557107042, "KIR": 0.7867044032480379, "PHL": 0.10871564316180848, "SXM": 0.0939419281554027, "ROU": 0.9858273518274432, "VIR": 0.51895100561044, "SYR": 0.195380543826437, "MAC": 0.32229588908396767, "NIC": 0.2707967962169018, "MLT": 0.8419027067513571, "KAZ": 0.22405147918040025, "TCA": 0.4116188079379708, "PYF": 0.5786406379970835, "NIU": 0.34933496747128223, "DMA": 0.41201902118887124, "GBR": 0.1678527719261701, "BEN": 0.11885703260808922, "GUF": 0.7182138808225419, "BEL": 0.650494299911584, "MSR": 0.8779975622487957, "TGO": 0.8714826358257164, "DEU": 0.46914647738765225, "GUM": 0.3957267159939821, "LKA": 0.3064994875688889, "SSD": 0.3889103761908955, "FLK": 0.23384272376140924, "PCN": 0.9058617012788933, "BES": 0.7560227234789114, "GUY": 0.21550538245677664, "CRI": 0.9870610860101778, "COK": 0.8965996641735524, "MAR": 0.6191082301421983, "MNP": 0.08092550781093899, "LSO": 0.2536566928218924, "HUN": 0.5027819411708443, "TKM": 0.22653750111742654, "SUR": 0.921793990885223, "NLD": 0.548431252641325, "BMU": 0.8861288633534683, "HMD": 0.3170059308351554, "TCD": 0.9358441963883493, "GEO": 0.043941803718896666, "MNE": 0.03701544220284636, "MNG": 0.33592050574916077, "MHL": 0.045050782017322044, "MTQ": 0.4310339971543867, "BLZ": 0.016738909499806165, "NFK": 0.7049481356304486, "MMR": 0.21786703903592208, "AFG": 0.26156322261185583, "BDI": 0.5062569117547008, "VGB": 0.07632407447223821, "BLR": 0.44896754539690564, "BLM": 0.8936891047197258, "GRD": 0.42004437976186104, "TKL": 0.9728361703445361, "GRC": 0.7387707148999518, "GRL": 0.11841521267915633, "SHN": 0.14953702575454697, "AND": 0.7346132248996097, "MOZ": 0.023523315482975926, "TJK": 0.34949313742434207, "THA": 0.5554627926198751, "HTI": 0.6366362935424718, "MEX": 0.7958281570629395, "ZWE": 0.7766967248806403, "LCA": 0.46856287748766023, "IND": 0.43057301859838537, "LVA": 0.9086576366702972, "BTN": 0.25254848726632984, "VCT": 0.028018478959478066, "VNM": 0.40656787573892517, "NOR": 0.42343078835156867, "CZE": 0.13337754515372124, "ATF": 0.36324303558545834, "ATG": 0.6700422097633941, "FJI": 0.23158745278085346, "HND": 0.949703102132786, "MUS": 0.9128085635914202, "DOM": 0.1808987520731633, "LUX": 0.9711510130867684, "ISR": 0.6679712728572735, "FSM": 0.5517359879537154, "PER": 0.04008006481842896, "REU": 0.11235957866938506, "IDN": 0.9467045629170137, "VUT": 0.4143386453029576, "MKD": 0.08939118234172494, "COD": 0.8422436971226293, "COG": 0.006932377708421589, "ISL": 0.9184194867298705, "GLP": 0.3321503376000585, "ETH": 0.4175350827944917, "COM": 0.7925584820212062, "COL": 0.10217519201848535, "NGA": 0.8825266009051704, "TLS": 0.8114415850484377, "TWN": 0.7110711265445313, "PRT": 0.5126669994076067, "MDA": 0.6886230272338646, "GGY": 0.5948769365748617, "MDG": 0.32418844641205236, "ATA": 0.575142978882262, "ECU": 0.4508365219348137, "SEN": 0.8437650779064713, "ESH": 0.4381687417875382, "MDV": 0.05317328574669189, "ASM": 0.10300490228039316, "SPM": 0.2806972051294945, "CUW": 0.27262866706540734, "FRA": 0.3925259591648308, "LTU": 0.11383841352724644, "RWA": 0.8410629149830637, "ZMB": 0.17736585066245947, "GMB": 0.5923489904311201, "WLF": 0.4369040049275271, "JEY": 0.4914035832816477, "FRO": 0.6689142299007876, "GTM": 0.3367006701177634, "DNK": 0.9427173988569127, "IMN": 0.6593814773880801, "MAF": 0.0862053547915943, "AUS": 0.4227653762228618, "AUT": 0.797310040266888, "SJM": 0.46658604739237186, "VEN": 0.14695338275786285, "PLW": 0.5432050863797754, "KEN": 0.6453352313169103, "TUR": 0.9137286447285228, "ALB": 0.2445448775553387, "OMN": 0.30604920495932664, "TUV": 0.4003586282700098, "ALA": 0.18628637883904575, "BRN": 0.08406243495773025, "TUN": 0.7628376627354261, "RUS": 0.8177707012846961, "BRB": 0.1108363990630451, "BRA": 0.7803029654206337, "CIV": 0.8019875902986576, "SRB": 0.9492655409154365, "GNQ": 0.5550348477274739, "USA": 0.9016245996934548, "QAT": 0.09501666342135273, "WSM": 0.03483133222773993, "AZE": 0.7844065279570387, "GNB": 0.15617082173339003, "SWZ": 0.20343430575841226, "TON": 0.49546254833460446, "CAN": 0.5088964446972931, "UKR": 0.8426181826077077, "KOR": 0.5018964920157063, "AIA": 0.633329643606571, "CAF": 0.8402554809003632, "CHE": 0.2846941609703769, "CYP": 0.11736168468105801, "BIH": 0.9201593577459795, "SGP": 0.360223463002725, "SGS": 0.17873398249642503, "SOM": 0.7774303786711684, "UZB": 0.6926215780268766, "CMR": 0.5636336577365998, "POL": 0.9679265298823658, "KWT": 0.30672756769075993, "ERI": 0.1492533129866499, "GAB": 0.5552004399021514, "CYM": 0.8327553491447003, "ARE": 0.9192968787768031, "EST": 0.6668661358085822, "MWI": 0.5103563599603906, "ESP": 0.7477902545662829, "IRQ": 0.4653664183638969, "SLV": 0.1363459575769449, "MLI": 0.6214918744305907, "IRL": 0.775703294478071, "IRN": 0.7320403116041841, "ABW": 0.7454764029219021, "SLE": 0.14283390797043438, "PAN": 0.6491674208978208, "SDN": 0.3305949000849714, "SLB": 0.43829089408774846, "NZL": 0.07972581647167332, "MCO": 0.7088818402677121, "ITA": 0.5421665326568239, "JPN": 0.8226626443101318, "KGZ": 0.7445498384089793, "UGA": 0.2510353537959372, "NCL": 0.12701268470798632, "PNG": 0.2777189533552461, "ARG": 0.6612228445386851, "SWE": 0.6871719678766766, "BHS": 0.8909728072656222, "BHR": 0.0023449819616401246, "ARM": 0.34507417674552743, "NRU": 0.9412063205937379, "CUB": 0.36751845524490667}